run_accession,study_accession,study_title,experiment_accession,experiment_title,experiment_desc,organism_taxid,organism_name,library_name,library_strategy,library_source,library_selection,library_layout,sample_accession,sample_title,biosample,bioproject,instrument,instrument_model,instrument_model_desc,total_spots,total_size,run_total_spots,run_total_bases,run_alias,public_filename,public_size,public_date,public_md5,public_version,public_semantic_name,public_supertype,public_sratoolkit,aws_url,aws_free_egress,aws_access_type,public_url,ncbi_url,ncbi_free_egress,ncbi_access_type,gcp_url,gcp_free_egress,gcp_access_type,experiment_alias,source_name,genotype,stage,treatment,ena_fastq_http,ena_fastq_http_1,ena_fastq_http_2,ena_fastq_ftp,ena_fastq_ftp_1,ena_fastq_ftp_2
SRR16966839,SRP346589,The DEAD-box RNA helicase PfDOZI imposes opposing actions on RNA metabolism in Plasmodium falciparum,SRX13158230,GSM5693473: X3D7_R1_10h; Plasmodium falciparum; RNA-Seq,GSM5693473: X3D7_R1_10h; Plasmodium falciparum; RNA-Seq,5833,Plasmodium falciparum,,RNA-Seq,TRANSCRIPTOMIC,cDNA,SINGLE,SRS11089704,,SAMN23243040,PRJNA781234,Illumina HiSeq 2500,Illumina HiSeq 2500,ILLUMINA,8316092,219912582,8316092,815546329,GSM5693473_r1,SRR16966839.lite,51665613,2023-02-08 06:25:14,d30f1d6f2dcfbd6cb4214edfff56ab21,1,SRA Lite,Primary ETL,1,s3://sra-pub-zq-7/SRR16966839/SRR16966839.lite.1,s3.us-east-1,aws identity,https://sra-downloadb.be-md.ncbi.nlm.nih.gov/sos6/sra-pub-zq-40/SRR016/16966/SRR16966839/SRR16966839.lite.1,https://sra-downloadb.be-md.ncbi.nlm.nih.gov/sos6/sra-pub-zq-40/SRR016/16966/SRR16966839/SRR16966839.lite.1,worldwide,anonymous,gs://sra-pub-zq-104/SRR16966839/SRR16966839.lite.1,gs.us-east1,gcp identity,GSM5693473,Plasmodium parasite,wildtype,Ring,no treatment,,http://ftp.sra.ebi.ac.uk/vol1/fastq/SRR169/039/SRR16966839/SRR16966839.fastq.gz,,,era-fasp@fasp.sra.ebi.ac.uk:vol1/fastq/SRR169/039/SRR16966839/SRR16966839.fastq.gz,
SRR16966840,SRP346589,The DEAD-box RNA helicase PfDOZI imposes opposing actions on RNA metabolism in Plasmodium falciparum,SRX13158231,GSM5693474: X3D7_R2_10h; Plasmodium falciparum; RNA-Seq,GSM5693474: X3D7_R2_10h; Plasmodium falciparum; RNA-Seq,5833,Plasmodium falciparum,,RNA-Seq,TRANSCRIPTOMIC,cDNA,SINGLE,SRS11089703,,SAMN23243041,PRJNA781234,Illumina HiSeq 2500,Illumina HiSeq 2500,ILLUMINA,4984103,169281865,4984103,477194342,GSM5693474_r1,SRR16966840.lite,39534769,2023-02-08 06:25:33,056cff92128b92dc8b265a07b13be379,1,SRA Lite,Primary ETL,1,s3://sra-pub-zq-7/SRR16966840/SRR16966840.lite.1,s3.us-east-1,aws identity,https://sra-downloadb.be-md.ncbi.nlm.nih.gov/sos6/sra-pub-zq-40/SRR016/16966/SRR16966840/SRR16966840.lite.1,https://sra-downloadb.be-md.ncbi.nlm.nih.gov/sos6/sra-pub-zq-40/SRR016/16966/SRR16966840/SRR16966840.lite.1,worldwide,anonymous,gs://sra-pub-zq-104/SRR16966840/SRR16966840.lite.1,gs.us-east1,gcp identity,GSM5693474,Plasmodium parasite,wildtype,Ring,no treatment,,http://ftp.sra.ebi.ac.uk/vol1/fastq/SRR169/040/SRR16966840/SRR16966840.fastq.gz,,,era-fasp@fasp.sra.ebi.ac.uk:vol1/fastq/SRR169/040/SRR16966840/SRR16966840.fastq.gz,
SRR16966841,SRP346589,The DEAD-box RNA helicase PfDOZI imposes opposing actions on RNA metabolism in Plasmodium falciparum,SRX13158232,GSM5693475: X3D7_R3_10h; Plasmodium falciparum; RNA-Seq,GSM5693475: X3D7_R3_10h; Plasmodium falciparum; RNA-Seq,5833,Plasmodium falciparum,,RNA-Seq,TRANSCRIPTOMIC,cDNA,SINGLE,SRS11089705,,SAMN23243042,PRJNA781234,Illumina HiSeq 2500,Illumina HiSeq 2500,ILLUMINA,5547723,185075615,5547723,531971768,GSM5693475_r1,SRR16966841.lite,39231296,2022-10-24 18:01:17,a75c006c1d12572fb901a776f66a7a52,1,SRA Lite,Primary ETL,1,s3://sra-pub-zq-7/SRR16966841/SRR16966841.lite.1,s3.us-east-1,aws identity,https://sra-downloadb.be-md.ncbi.nlm.nih.gov/sos6/sra-pub-zq-40/SRR016/16966/SRR16966841/SRR16966841.lite.1,https://sra-downloadb.be-md.ncbi.nlm.nih.gov/sos6/sra-pub-zq-40/SRR016/16966/SRR16966841/SRR16966841.lite.1,worldwide,anonymous,gs://sra-pub-zq-104/SRR16966841/SRR16966841.lite.1,gs.us-east1,gcp identity,GSM5693475,Plasmodium parasite,wildtype,Ring,no treatment,,http://ftp.sra.ebi.ac.uk/vol1/fastq/SRR169/041/SRR16966841/SRR16966841.fastq.gz,,,era-fasp@fasp.sra.ebi.ac.uk:vol1/fastq/SRR169/041/SRR16966841/SRR16966841.fastq.gz,
SRR16966842,SRP346589,The DEAD-box RNA helicase PfDOZI imposes opposing actions on RNA metabolism in Plasmodium falciparum,SRX13158233,GSM5693476: DoziKo_R1_10h; Plasmodium falciparum; RNA-Seq,GSM5693476: DoziKo_R1_10h; Plasmodium falciparum; RNA-Seq,5833,Plasmodium falciparum,,RNA-Seq,TRANSCRIPTOMIC,cDNA,SINGLE,SRS11089706,,SAMN23243014,PRJNA781234,Illumina HiSeq 2500,Illumina HiSeq 2500,ILLUMINA,7743207,202063230,7743207,764910252,GSM5693476_r1,SRR16966842.lite,44805717,2023-02-08 06:25:49,4a0dc848dd14a86d7403c2abbe6954c8,1,SRA Lite,Primary ETL,1,s3://sra-pub-zq-7/SRR16966842/SRR16966842.lite.1,s3.us-east-1,aws identity,https://sra-downloadb.be-md.ncbi.nlm.nih.gov/sos6/sra-pub-zq-40/SRR016/16966/SRR16966842/SRR16966842.lite.1,https://sra-downloadb.be-md.ncbi.nlm.nih.gov/sos6/sra-pub-zq-40/SRR016/16966/SRR16966842/SRR16966842.lite.1,worldwide,anonymous,gs://sra-pub-zq-104/SRR16966842/SRR16966842.lite.1,gs.us-east1,gcp identity,GSM5693476,Plasmodium parasite,deltapfdozi,Ring,no treatment,,http://ftp.sra.ebi.ac.uk/vol1/fastq/SRR169/042/SRR16966842/SRR16966842.fastq.gz,,,era-fasp@fasp.sra.ebi.ac.uk:vol1/fastq/SRR169/042/SRR16966842/SRR16966842.fastq.gz,
SRR16966843,SRP346589,The DEAD-box RNA helicase PfDOZI imposes opposing actions on RNA metabolism in Plasmodium falciparum,SRX13158234,GSM5693477: DoziKo_R2_10h; Plasmodium falciparum; RNA-Seq,GSM5693477: DoziKo_R2_10h; Plasmodium falciparum; RNA-Seq,5833,Plasmodium falciparum,,RNA-Seq,TRANSCRIPTOMIC,cDNA,SINGLE,SRS11089707,,SAMN23243015,PRJNA781234,Illumina HiSeq 2500,Illumina HiSeq 2500,ILLUMINA,7770502,264491206,7770502,743278233,GSM5693477_r1,SRR16966843.lite,56251509,2023-02-08 06:25:58,17b2b34f0d3aaf2efe580bcaebd35914,1,SRA Lite,Primary ETL,1,s3://sra-pub-zq-7/SRR16966843/SRR16966843.lite.1,s3.us-east-1,aws identity,https://sra-downloadb.be-md.ncbi.nlm.nih.gov/sos6/sra-pub-zq-40/SRR016/16966/SRR16966843/SRR16966843.lite.1,https://sra-downloadb.be-md.ncbi.nlm.nih.gov/sos6/sra-pub-zq-40/SRR016/16966/SRR16966843/SRR16966843.lite.1,worldwide,anonymous,gs://sra-pub-zq-104/SRR16966843/SRR16966843.lite.1,gs.us-east1,gcp identity,GSM5693477,Plasmodium parasite,deltapfdozi,Ring,no treatment,,http://ftp.sra.ebi.ac.uk/vol1/fastq/SRR169/043/SRR16966843/SRR16966843.fastq.gz,,,era-fasp@fasp.sra.ebi.ac.uk:vol1/fastq/SRR169/043/SRR16966843/SRR16966843.fastq.gz,
SRR16966844,SRP346589,The DEAD-box RNA helicase PfDOZI imposes opposing actions on RNA metabolism in Plasmodium falciparum,SRX13158235,GSM5693478: DoziKo_R3_10h; Plasmodium falciparum; RNA-Seq,GSM5693478: DoziKo_R3_10h; Plasmodium falciparum; RNA-Seq,5833,Plasmodium falciparum,,RNA-Seq,TRANSCRIPTOMIC,cDNA,SINGLE,SRS11089708,,SAMN23243016,PRJNA781234,Illumina HiSeq 2500,Illumina HiSeq 2500,ILLUMINA,5076773,172658252,5076773,487392416,GSM5693478_r1,SRR16966844.lite,39009537,2022-11-16 08:18:42,9f7ee2680287941d7ac96a21b58942d4,1,SRA Lite,Primary ETL,1,s3://sra-pub-zq-7/SRR16966844/SRR16966844.lite.1,s3.us-east-1,aws identity,https://sra-downloadb.be-md.ncbi.nlm.nih.gov/sos6/sra-pub-zq-40/SRR016/16966/SRR16966844/SRR16966844.lite.1,https://sra-downloadb.be-md.ncbi.nlm.nih.gov/sos6/sra-pub-zq-40/SRR016/16966/SRR16966844/SRR16966844.lite.1,worldwide,anonymous,gs://sra-pub-zq-104/SRR16966844/SRR16966844.lite.1,gs.us-east1,gcp identity,GSM5693478,Plasmodium parasite,deltapfdozi,Ring,no treatment,,http://ftp.sra.ebi.ac.uk/vol1/fastq/SRR169/044/SRR16966844/SRR16966844.fastq.gz,,,era-fasp@fasp.sra.ebi.ac.uk:vol1/fastq/SRR169/044/SRR16966844/SRR16966844.fastq.gz,
SRR16966845,SRP346589,The DEAD-box RNA helicase PfDOZI imposes opposing actions on RNA metabolism in Plasmodium falciparum,SRX13158236,GSM5693479: X3D7_R1_20h; Plasmodium falciparum; RNA-Seq,GSM5693479: X3D7_R1_20h; Plasmodium falciparum; RNA-Seq,5833,Plasmodium falciparum,,RNA-Seq,TRANSCRIPTOMIC,cDNA,SINGLE,SRS11089709,,SAMN23243017,PRJNA781234,Illumina HiSeq 2500,Illumina HiSeq 2500,ILLUMINA,8479012,221361185,8479012,828776783,GSM5693479_r1,SRR16966845.lite,50853728,2022-10-21 23:33:40,64d2b93e421b157a3782f4dbaac1bacd,1,SRA Lite,Primary ETL,1,s3://sra-pub-zq-7/SRR16966845/SRR16966845.lite.1,s3.us-east-1,aws identity,https://sra-downloadb.be-md.ncbi.nlm.nih.gov/sos6/sra-pub-zq-40/SRR016/16966/SRR16966845/SRR16966845.lite.1,https://sra-downloadb.be-md.ncbi.nlm.nih.gov/sos6/sra-pub-zq-40/SRR016/16966/SRR16966845/SRR16966845.lite.1,worldwide,anonymous,gs://sra-pub-zq-104/SRR16966845/SRR16966845.lite.1,gs.us-east1,gcp identity,GSM5693479,Plasmodium parasite,wildtype,early-trophozoite,no treatment,,http://ftp.sra.ebi.ac.uk/vol1/fastq/SRR169/045/SRR16966845/SRR16966845.fastq.gz,,,era-fasp@fasp.sra.ebi.ac.uk:vol1/fastq/SRR169/045/SRR16966845/SRR16966845.fastq.gz,
SRR16966846,SRP346589,The DEAD-box RNA helicase PfDOZI imposes opposing actions on RNA metabolism in Plasmodium falciparum,SRX13158237,GSM5693480: X3D7_R2_20h; Plasmodium falciparum; RNA-Seq,GSM5693480: X3D7_R2_20h; Plasmodium falciparum; RNA-Seq,5833,Plasmodium falciparum,,RNA-Seq,TRANSCRIPTOMIC,cDNA,SINGLE,SRS11089710,,SAMN23243018,PRJNA781234,Illumina HiSeq 2500,Illumina HiSeq 2500,ILLUMINA,4024446,140508016,4024446,380448552,GSM5693480_r1,SRR16966846.lite,35509200,2023-02-08 06:26:14,a6bff6b6c1d1395e8242a6c64833246d,1,SRA Lite,Primary ETL,1,s3://sra-pub-zq-7/SRR16966846/SRR16966846.lite.1,s3.us-east-1,aws identity,https://sra-downloadb.be-md.ncbi.nlm.nih.gov/sos6/sra-pub-zq-40/SRR016/16966/SRR16966846/SRR16966846.lite.1,https://sra-downloadb.be-md.ncbi.nlm.nih.gov/sos6/sra-pub-zq-40/SRR016/16966/SRR16966846/SRR16966846.lite.1,worldwide,anonymous,gs://sra-pub-zq-104/SRR16966846/SRR16966846.lite.1,gs.us-east1,gcp identity,GSM5693480,Plasmodium parasite,wildtype,early-trophozoite,no treatment,,http://ftp.sra.ebi.ac.uk/vol1/fastq/SRR169/046/SRR16966846/SRR16966846.fastq.gz,,,era-fasp@fasp.sra.ebi.ac.uk:vol1/fastq/SRR169/046/SRR16966846/SRR16966846.fastq.gz,
SRR16966847,SRP346589,The DEAD-box RNA helicase PfDOZI imposes opposing actions on RNA metabolism in Plasmodium falciparum,SRX13158238,GSM5693481: X3D7_R3_20h; Plasmodium falciparum; RNA-Seq,GSM5693481: X3D7_R3_20h; Plasmodium falciparum; RNA-Seq,5833,Plasmodium falciparum,,RNA-Seq,TRANSCRIPTOMIC,cDNA,SINGLE,SRS11089711,,SAMN23243019,PRJNA781234,Illumina HiSeq 2500,Illumina HiSeq 2500,ILLUMINA,5236622,185449171,5236622,497003367,GSM5693481_r1,SRR16966847.lite,49880095,2022-10-20 01:35:39,704df2875ba9f93e392cf0761e2d8b1b,1,SRA Lite,Primary ETL,1,s3://sra-pub-zq-7/SRR16966847/SRR16966847.lite.1,s3.us-east-1,aws identity,https://sra-downloadb.be-md.ncbi.nlm.nih.gov/sos6/sra-pub-zq-40/SRR016/16966/SRR16966847/SRR16966847.lite.1,https://sra-downloadb.be-md.ncbi.nlm.nih.gov/sos6/sra-pub-zq-40/SRR016/16966/SRR16966847/SRR16966847.lite.1,worldwide,anonymous,gs://sra-pub-zq-104/SRR16966847/SRR16966847.lite.1,gs.us-east1,gcp identity,GSM5693481,Plasmodium parasite,wildtype,early-trophozoite,no treatment,,http://ftp.sra.ebi.ac.uk/vol1/fastq/SRR169/047/SRR16966847/SRR16966847.fastq.gz,,,era-fasp@fasp.sra.ebi.ac.uk:vol1/fastq/SRR169/047/SRR16966847/SRR16966847.fastq.gz,
SRR16966848,SRP346589,The DEAD-box RNA helicase PfDOZI imposes opposing actions on RNA metabolism in Plasmodium falciparum,SRX13158239,GSM5693482: DoziKo_R1_20h; Plasmodium falciparum; RNA-Seq,GSM5693482: DoziKo_R1_20h; Plasmodium falciparum; RNA-Seq,5833,Plasmodium falciparum,,RNA-Seq,TRANSCRIPTOMIC,cDNA,SINGLE,SRS11089712,,SAMN23243020,PRJNA781234,Illumina HiSeq 2500,Illumina HiSeq 2500,ILLUMINA,11275949,281328776,11275949,1112810204,GSM5693482_r1,SRR16966848.lite,56854129,2022-10-15 16:10:33,a012874c9c75f1f9a73b441a673f83ec,1,SRA Lite,Primary ETL,1,s3://sra-pub-zq-7/SRR16966848/SRR16966848.lite.1,s3.us-east-1,aws identity,https://sra-downloadb.be-md.ncbi.nlm.nih.gov/sos6/sra-pub-zq-40/SRR016/16966/SRR16966848/SRR16966848.lite.1,https://sra-downloadb.be-md.ncbi.nlm.nih.gov/sos6/sra-pub-zq-40/SRR016/16966/SRR16966848/SRR16966848.lite.1,worldwide,anonymous,gs://sra-pub-zq-104/SRR16966848/SRR16966848.lite.1,gs.us-east1,gcp identity,GSM5693482,Plasmodium parasite,deltapfdozi,early-trophozoite,no treatment,,http://ftp.sra.ebi.ac.uk/vol1/fastq/SRR169/048/SRR16966848/SRR16966848.fastq.gz,,,era-fasp@fasp.sra.ebi.ac.uk:vol1/fastq/SRR169/048/SRR16966848/SRR16966848.fastq.gz,
SRR16966849,SRP346589,The DEAD-box RNA helicase PfDOZI imposes opposing actions on RNA metabolism in Plasmodium falciparum,SRX13158240,GSM5693483: DoziKo_R2_20h; Plasmodium falciparum; RNA-Seq,GSM5693483: DoziKo_R2_20h; Plasmodium falciparum; RNA-Seq,5833,Plasmodium falciparum,,RNA-Seq,TRANSCRIPTOMIC,cDNA,SINGLE,SRS11089713,,SAMN23243021,PRJNA781234,Illumina HiSeq 2500,Illumina HiSeq 2500,ILLUMINA,4833827,163623384,4833827,465143876,GSM5693483_r1,SRR16966849.lite,36176209,2023-02-08 06:26:27,5100e468dd040754d49cd59e2b2f9e42,1,SRA Lite,Primary ETL,1,s3://sra-pub-zq-7/SRR16966849/SRR16966849.lite.1,s3.us-east-1,aws identity,https://sra-downloadb.be-md.ncbi.nlm.nih.gov/sos6/sra-pub-zq-40/SRR016/16966/SRR16966849/SRR16966849.lite.1,https://sra-downloadb.be-md.ncbi.nlm.nih.gov/sos6/sra-pub-zq-40/SRR016/16966/SRR16966849/SRR16966849.lite.1,worldwide,anonymous,gs://sra-pub-zq-104/SRR16966849/SRR16966849.lite.1,gs.us-east1,gcp identity,GSM5693483,Plasmodium parasite,deltapfdozi,early-trophozoite,no treatment,,http://ftp.sra.ebi.ac.uk/vol1/fastq/SRR169/049/SRR16966849/SRR16966849.fastq.gz,,,era-fasp@fasp.sra.ebi.ac.uk:vol1/fastq/SRR169/049/SRR16966849/SRR16966849.fastq.gz,
SRR16966850,SRP346589,The DEAD-box RNA helicase PfDOZI imposes opposing actions on RNA metabolism in Plasmodium falciparum,SRX13158241,GSM5693484: DoziKo_R3_20h; Plasmodium falciparum; RNA-Seq,GSM5693484: DoziKo_R3_20h; Plasmodium falciparum; RNA-Seq,5833,Plasmodium falciparum,,RNA-Seq,TRANSCRIPTOMIC,cDNA,SINGLE,SRS11089714,,SAMN23243022,PRJNA781234,Illumina HiSeq 2500,Illumina HiSeq 2500,ILLUMINA,4902481,163157647,4902481,470989457,GSM5693484_r1,SRR16966850.lite,34399007,2023-02-08 06:26:34,f4a882617a5d21ddc417a2973764cbc8,1,SRA Lite,Primary ETL,1,s3://sra-pub-zq-7/SRR16966850/SRR16966850.lite.1,s3.us-east-1,aws identity,https://sra-downloadb.be-md.ncbi.nlm.nih.gov/sos6/sra-pub-zq-40/SRR016/16966/SRR16966850/SRR16966850.lite.1,https://sra-downloadb.be-md.ncbi.nlm.nih.gov/sos6/sra-pub-zq-40/SRR016/16966/SRR16966850/SRR16966850.lite.1,worldwide,anonymous,gs://sra-pub-zq-104/SRR16966850/SRR16966850.lite.1,gs.us-east1,gcp identity,GSM5693484,Plasmodium parasite,deltapfdozi,early-trophozoite,no treatment,,http://ftp.sra.ebi.ac.uk/vol1/fastq/SRR169/050/SRR16966850/SRR16966850.fastq.gz,,,era-fasp@fasp.sra.ebi.ac.uk:vol1/fastq/SRR169/050/SRR16966850/SRR16966850.fastq.gz,
SRR16966851,SRP346589,The DEAD-box RNA helicase PfDOZI imposes opposing actions on RNA metabolism in Plasmodium falciparum,SRX13158242,GSM5693485: X3D7_R1_30h; Plasmodium falciparum; RNA-Seq,GSM5693485: X3D7_R1_30h; Plasmodium falciparum; RNA-Seq,5833,Plasmodium falciparum,,RNA-Seq,TRANSCRIPTOMIC,cDNA,SINGLE,SRS11089715,,SAMN23243023,PRJNA781234,Illumina HiSeq 2500,Illumina HiSeq 2500,ILLUMINA,8662734,219935653,8662734,848923387,GSM5693485_r1,SRR16966851.lite,48225319,2023-02-08 06:26:52,de330503eb030f06d4b00bedd71fa630,1,SRA Lite,Primary ETL,1,s3://sra-pub-zq-7/SRR16966851/SRR16966851.lite.1,s3.us-east-1,aws identity,https://sra-downloadb.be-md.ncbi.nlm.nih.gov/sos6/sra-pub-zq-40/SRR016/16966/SRR16966851/SRR16966851.lite.1,https://sra-downloadb.be-md.ncbi.nlm.nih.gov/sos6/sra-pub-zq-40/SRR016/16966/SRR16966851/SRR16966851.lite.1,worldwide,anonymous,gs://sra-pub-zq-104/SRR16966851/SRR16966851.lite.1,gs.us-east1,gcp identity,GSM5693485,Plasmodium parasite,wildtype,late-trophozoite,no treatment,,http://ftp.sra.ebi.ac.uk/vol1/fastq/SRR169/051/SRR16966851/SRR16966851.fastq.gz,,,era-fasp@fasp.sra.ebi.ac.uk:vol1/fastq/SRR169/051/SRR16966851/SRR16966851.fastq.gz,
SRR16966852,SRP346589,The DEAD-box RNA helicase PfDOZI imposes opposing actions on RNA metabolism in Plasmodium falciparum,SRX13158243,GSM5693486: X3D7_R2_30h; Plasmodium falciparum; RNA-Seq,GSM5693486: X3D7_R2_30h; Plasmodium falciparum; RNA-Seq,5833,Plasmodium falciparum,,RNA-Seq,TRANSCRIPTOMIC,cDNA,SINGLE,SRS11089716,,SAMN23243024,PRJNA781234,Illumina HiSeq 2500,Illumina HiSeq 2500,ILLUMINA,5134106,169364652,5134106,493568780,GSM5693486_r1,SRR16966852.lite,35440876,2023-02-08 06:27:01,1de87cbef84a032f5fe5065752b3973b,1,SRA Lite,Primary ETL,1,s3://sra-pub-zq-7/SRR16966852/SRR16966852.lite.1,s3.us-east-1,aws identity,https://sra-downloadb.be-md.ncbi.nlm.nih.gov/sos6/sra-pub-zq-40/SRR016/16966/SRR16966852/SRR16966852.lite.1,https://sra-downloadb.be-md.ncbi.nlm.nih.gov/sos6/sra-pub-zq-40/SRR016/16966/SRR16966852/SRR16966852.lite.1,worldwide,anonymous,gs://sra-pub-zq-104/SRR16966852/SRR16966852.lite.1,gs.us-east1,gcp identity,GSM5693486,Plasmodium parasite,wildtype,late-trophozoite,no treatment,,http://ftp.sra.ebi.ac.uk/vol1/fastq/SRR169/052/SRR16966852/SRR16966852.fastq.gz,,,era-fasp@fasp.sra.ebi.ac.uk:vol1/fastq/SRR169/052/SRR16966852/SRR16966852.fastq.gz,
SRR16966853,SRP346589,The DEAD-box RNA helicase PfDOZI imposes opposing actions on RNA metabolism in Plasmodium falciparum,SRX13158244,GSM5693487: X3D7_R3_30h; Plasmodium falciparum; RNA-Seq,GSM5693487: X3D7_R3_30h; Plasmodium falciparum; RNA-Seq,5833,Plasmodium falciparum,,RNA-Seq,TRANSCRIPTOMIC,cDNA,SINGLE,SRS11089717,,SAMN23243025,PRJNA781234,Illumina HiSeq 2500,Illumina HiSeq 2500,ILLUMINA,5794613,193859388,5794613,554458304,GSM5693487_r1,SRR16966853.lite,40176239,2022-10-23 21:51:17,eadb7f16b2655ef19f3c14564785f17f,1,SRA Lite,Primary ETL,1,s3://sra-pub-zq-7/SRR16966853/SRR16966853.lite.1,s3.us-east-1,aws identity,https://sra-downloadb.be-md.ncbi.nlm.nih.gov/sos6/sra-pub-zq-40/SRR016/16966/SRR16966853/SRR16966853.lite.1,https://sra-downloadb.be-md.ncbi.nlm.nih.gov/sos6/sra-pub-zq-40/SRR016/16966/SRR16966853/SRR16966853.lite.1,worldwide,anonymous,gs://sra-pub-zq-104/SRR16966853/SRR16966853.lite.1,gs.us-east1,gcp identity,GSM5693487,Plasmodium parasite,wildtype,late-trophozoite,no treatment,,http://ftp.sra.ebi.ac.uk/vol1/fastq/SRR169/053/SRR16966853/SRR16966853.fastq.gz,,,era-fasp@fasp.sra.ebi.ac.uk:vol1/fastq/SRR169/053/SRR16966853/SRR16966853.fastq.gz,
SRR16966854,SRP346589,The DEAD-box RNA helicase PfDOZI imposes opposing actions on RNA metabolism in Plasmodium falciparum,SRX13158245,GSM5693488: DoziKo_R1_30h; Plasmodium falciparum; RNA-Seq,GSM5693488: DoziKo_R1_30h; Plasmodium falciparum; RNA-Seq,5833,Plasmodium falciparum,,RNA-Seq,TRANSCRIPTOMIC,cDNA,SINGLE,SRS11089718,,SAMN23243026,PRJNA781234,Illumina HiSeq 2500,Illumina HiSeq 2500,ILLUMINA,6432007,159253632,6432007,634416450,GSM5693488_r1,SRR16966854.lite,31055073,2022-10-15 16:09:12,ab9ffcdce741c2165fd262ef24f4c2a9,1,SRA Lite,Primary ETL,1,s3://sra-pub-zq-7/SRR16966854/SRR16966854.lite.1,s3.us-east-1,aws identity,https://sra-downloadb.be-md.ncbi.nlm.nih.gov/sos6/sra-pub-zq-40/SRR016/16966/SRR16966854/SRR16966854.lite.1,https://sra-downloadb.be-md.ncbi.nlm.nih.gov/sos6/sra-pub-zq-40/SRR016/16966/SRR16966854/SRR16966854.lite.1,worldwide,anonymous,gs://sra-pub-zq-104/SRR16966854/SRR16966854.lite.1,gs.us-east1,gcp identity,GSM5693488,Plasmodium parasite,deltapfdozi,late-trophozoite,no treatment,,http://ftp.sra.ebi.ac.uk/vol1/fastq/SRR169/054/SRR16966854/SRR16966854.fastq.gz,,,era-fasp@fasp.sra.ebi.ac.uk:vol1/fastq/SRR169/054/SRR16966854/SRR16966854.fastq.gz,
SRR16966855,SRP346589,The DEAD-box RNA helicase PfDOZI imposes opposing actions on RNA metabolism in Plasmodium falciparum,SRX13158246,GSM5693489: DoziKo_R2_30h; Plasmodium falciparum; RNA-Seq,GSM5693489: DoziKo_R2_30h; Plasmodium falciparum; RNA-Seq,5833,Plasmodium falciparum,,RNA-Seq,TRANSCRIPTOMIC,cDNA,SINGLE,SRS11089719,,SAMN23243027,PRJNA781234,Illumina HiSeq 2500,Illumina HiSeq 2500,ILLUMINA,6031431,199830105,6031431,577468198,GSM5693489_r1,SRR16966855.lite,40760206,2023-02-08 06:27:09,33db6aace48d3d51624f88a33f0c5092,1,SRA Lite,Primary ETL,1,s3://sra-pub-zq-7/SRR16966855/SRR16966855.lite.1,s3.us-east-1,aws identity,https://sra-downloadb.be-md.ncbi.nlm.nih.gov/sos6/sra-pub-zq-40/SRR016/16966/SRR16966855/SRR16966855.lite.1,https://sra-downloadb.be-md.ncbi.nlm.nih.gov/sos6/sra-pub-zq-40/SRR016/16966/SRR16966855/SRR16966855.lite.1,worldwide,anonymous,gs://sra-pub-zq-104/SRR16966855/SRR16966855.lite.1,gs.us-east1,gcp identity,GSM5693489,Plasmodium parasite,deltapfdozi,late-trophozoite,no treatment,,http://ftp.sra.ebi.ac.uk/vol1/fastq/SRR169/055/SRR16966855/SRR16966855.fastq.gz,,,era-fasp@fasp.sra.ebi.ac.uk:vol1/fastq/SRR169/055/SRR16966855/SRR16966855.fastq.gz,
SRR16966856,SRP346589,The DEAD-box RNA helicase PfDOZI imposes opposing actions on RNA metabolism in Plasmodium falciparum,SRX13158247,GSM5693490: DoziKo_R3_30h; Plasmodium falciparum; RNA-Seq,GSM5693490: DoziKo_R3_30h; Plasmodium falciparum; RNA-Seq,5833,Plasmodium falciparum,,RNA-Seq,TRANSCRIPTOMIC,cDNA,SINGLE,SRS11089721,,SAMN23243028,PRJNA781234,Illumina HiSeq 2500,Illumina HiSeq 2500,ILLUMINA,5537636,180292097,5537636,532930874,GSM5693490_r1,SRR16966856.lite,35658268,2022-10-28 03:06:53,03c403ee3d7e6c349e40dc448b0f14a8,1,SRA Lite,Primary ETL,1,s3://sra-pub-zq-7/SRR16966856/SRR16966856.lite.1,s3.us-east-1,aws identity,https://sra-downloadb.be-md.ncbi.nlm.nih.gov/sos6/sra-pub-zq-40/SRR016/16966/SRR16966856/SRR16966856.lite.1,https://sra-downloadb.be-md.ncbi.nlm.nih.gov/sos6/sra-pub-zq-40/SRR016/16966/SRR16966856/SRR16966856.lite.1,worldwide,anonymous,gs://sra-pub-zq-104/SRR16966856/SRR16966856.lite.1,gs.us-east1,gcp identity,GSM5693490,Plasmodium parasite,deltapfdozi,late-trophozoite,no treatment,,http://ftp.sra.ebi.ac.uk/vol1/fastq/SRR169/056/SRR16966856/SRR16966856.fastq.gz,,,era-fasp@fasp.sra.ebi.ac.uk:vol1/fastq/SRR169/056/SRR16966856/SRR16966856.fastq.gz,
SRR16966857,SRP346589,The DEAD-box RNA helicase PfDOZI imposes opposing actions on RNA metabolism in Plasmodium falciparum,SRX13158248,GSM5693491: X3D7_R1_40h; Plasmodium falciparum; RNA-Seq,GSM5693491: X3D7_R1_40h; Plasmodium falciparum; RNA-Seq,5833,Plasmodium falciparum,,RNA-Seq,TRANSCRIPTOMIC,cDNA,SINGLE,SRS11089720,,SAMN23243029,PRJNA781234,Illumina HiSeq 2500,Illumina HiSeq 2500,ILLUMINA,8069672,212504695,8069672,795352792,GSM5693491_r1,SRR16966857.lite,40383890,2023-02-08 06:27:28,f1b1fba0ae8b75dd04a862ee9da35acb,1,SRA Lite,Primary ETL,1,s3://sra-pub-zq-7/SRR16966857/SRR16966857.lite.1,s3.us-east-1,aws identity,https://sra-downloadb.be-md.ncbi.nlm.nih.gov/sos6/sra-pub-zq-40/SRR016/16966/SRR16966857/SRR16966857.lite.1,https://sra-downloadb.be-md.ncbi.nlm.nih.gov/sos6/sra-pub-zq-40/SRR016/16966/SRR16966857/SRR16966857.lite.1,worldwide,anonymous,gs://sra-pub-zq-104/SRR16966857/SRR16966857.lite.1,gs.us-east1,gcp identity,GSM5693491,Plasmodium parasite,wildtype,schizont,no treatment,,http://ftp.sra.ebi.ac.uk/vol1/fastq/SRR169/057/SRR16966857/SRR16966857.fastq.gz,,,era-fasp@fasp.sra.ebi.ac.uk:vol1/fastq/SRR169/057/SRR16966857/SRR16966857.fastq.gz,
SRR16966858,SRP346589,The DEAD-box RNA helicase PfDOZI imposes opposing actions on RNA metabolism in Plasmodium falciparum,SRX13158249,GSM5693492: X3D7_R2_40h; Plasmodium falciparum; RNA-Seq,GSM5693492: X3D7_R2_40h; Plasmodium falciparum; RNA-Seq,5833,Plasmodium falciparum,,RNA-Seq,TRANSCRIPTOMIC,cDNA,SINGLE,SRS11089722,,SAMN23243030,PRJNA781234,Illumina HiSeq 2500,Illumina HiSeq 2500,ILLUMINA,4512691,149696399,4512691,436941742,GSM5693492_r1,SRR16966858.lite,29244084,2023-02-08 06:27:37,3b92ca1d4b28e6891f81b76633905c42,1,SRA Lite,Primary ETL,1,s3://sra-pub-zq-7/SRR16966858/SRR16966858.lite.1,s3.us-east-1,aws identity,https://sra-downloadb.be-md.ncbi.nlm.nih.gov/sos6/sra-pub-zq-40/SRR016/16966/SRR16966858/SRR16966858.lite.1,https://sra-downloadb.be-md.ncbi.nlm.nih.gov/sos6/sra-pub-zq-40/SRR016/16966/SRR16966858/SRR16966858.lite.1,worldwide,anonymous,gs://sra-pub-zq-104/SRR16966858/SRR16966858.lite.1,gs.us-east1,gcp identity,GSM5693492,Plasmodium parasite,wildtype,schizont,no treatment,,http://ftp.sra.ebi.ac.uk/vol1/fastq/SRR169/058/SRR16966858/SRR16966858.fastq.gz,,,era-fasp@fasp.sra.ebi.ac.uk:vol1/fastq/SRR169/058/SRR16966858/SRR16966858.fastq.gz,
SRR16966859,SRP346589,The DEAD-box RNA helicase PfDOZI imposes opposing actions on RNA metabolism in Plasmodium falciparum,SRX13158250,GSM5693493: X3D7_R3_40h; Plasmodium falciparum; RNA-Seq,GSM5693493: X3D7_R3_40h; Plasmodium falciparum; RNA-Seq,5833,Plasmodium falciparum,,RNA-Seq,TRANSCRIPTOMIC,cDNA,SINGLE,SRS11089723,,SAMN23243031,PRJNA781234,Illumina HiSeq 2500,Illumina HiSeq 2500,ILLUMINA,4210198,139786676,4210198,406839374,GSM5693493_r1,SRR16966859.lite,28541672,2022-10-20 01:35:16,1bbe68f720b0dcf919c40ee17e8ce3ba,1,SRA Lite,Primary ETL,1,s3://sra-pub-zq-7/SRR16966859/SRR16966859.lite.1,s3.us-east-1,aws identity,https://sra-downloadb.be-md.ncbi.nlm.nih.gov/sos6/sra-pub-zq-40/SRR016/16966/SRR16966859/SRR16966859.lite.1,https://sra-downloadb.be-md.ncbi.nlm.nih.gov/sos6/sra-pub-zq-40/SRR016/16966/SRR16966859/SRR16966859.lite.1,worldwide,anonymous,gs://sra-pub-zq-104/SRR16966859/SRR16966859.lite.1,gs.us-east1,gcp identity,GSM5693493,Plasmodium parasite,wildtype,schizont,no treatment,,http://ftp.sra.ebi.ac.uk/vol1/fastq/SRR169/059/SRR16966859/SRR16966859.fastq.gz,,,era-fasp@fasp.sra.ebi.ac.uk:vol1/fastq/SRR169/059/SRR16966859/SRR16966859.fastq.gz,
SRR16966860,SRP346589,The DEAD-box RNA helicase PfDOZI imposes opposing actions on RNA metabolism in Plasmodium falciparum,SRX13158251,GSM5693494: DoziKo_R1_40h; Plasmodium falciparum; RNA-Seq,GSM5693494: DoziKo_R1_40h; Plasmodium falciparum; RNA-Seq,5833,Plasmodium falciparum,,RNA-Seq,TRANSCRIPTOMIC,cDNA,SINGLE,SRS11089976,,SAMN23243032,PRJNA781234,Illumina HiSeq 2500,Illumina HiSeq 2500,ILLUMINA,8244612,209886837,8244612,815912106,GSM5693494_r1,SRR16966860.lite,36639976,2023-02-08 06:27:48,e88ac1e6e9bafcfa6095e2b228fe1e7c,1,SRA Lite,Primary ETL,1,s3://sra-pub-zq-7/SRR16966860/SRR16966860.lite.1,s3.us-east-1,aws identity,https://sra-downloadb.be-md.ncbi.nlm.nih.gov/sos6/sra-pub-zq-40/SRR016/16966/SRR16966860/SRR16966860.lite.1,https://sra-downloadb.be-md.ncbi.nlm.nih.gov/sos6/sra-pub-zq-40/SRR016/16966/SRR16966860/SRR16966860.lite.1,worldwide,anonymous,gs://sra-pub-zq-104/SRR16966860/SRR16966860.lite.1,gs.us-east1,gcp identity,GSM5693494,Plasmodium parasite,deltapfdozi,schizont,no treatment,,http://ftp.sra.ebi.ac.uk/vol1/fastq/SRR169/060/SRR16966860/SRR16966860.fastq.gz,,,era-fasp@fasp.sra.ebi.ac.uk:vol1/fastq/SRR169/060/SRR16966860/SRR16966860.fastq.gz,
SRR16966861,SRP346589,The DEAD-box RNA helicase PfDOZI imposes opposing actions on RNA metabolism in Plasmodium falciparum,SRX13158252,GSM5693495: DoziKo_R2_40h; Plasmodium falciparum; RNA-Seq,GSM5693495: DoziKo_R2_40h; Plasmodium falciparum; RNA-Seq,5833,Plasmodium falciparum,,RNA-Seq,TRANSCRIPTOMIC,cDNA,SINGLE,SRS11089977,,SAMN23243033,PRJNA781234,Illumina HiSeq 2500,Illumina HiSeq 2500,ILLUMINA,3776557,127321246,3776557,364768888,GSM5693495_r1,SRR16966861.lite,26138896,2023-02-08 06:27:59,af950e8c5d9a3cd26b8b3e30322bcdae,1,SRA Lite,Primary ETL,1,s3://sra-pub-zq-7/SRR16966861/SRR16966861.lite.1,s3.us-east-1,aws identity,https://sra-downloadb.be-md.ncbi.nlm.nih.gov/sos6/sra-pub-zq-40/SRR016/16966/SRR16966861/SRR16966861.lite.1,https://sra-downloadb.be-md.ncbi.nlm.nih.gov/sos6/sra-pub-zq-40/SRR016/16966/SRR16966861/SRR16966861.lite.1,worldwide,anonymous,gs://sra-pub-zq-104/SRR16966861/SRR16966861.lite.1,gs.us-east1,gcp identity,GSM5693495,Plasmodium parasite,deltapfdozi,schizont,no treatment,,http://ftp.sra.ebi.ac.uk/vol1/fastq/SRR169/061/SRR16966861/SRR16966861.fastq.gz,,,era-fasp@fasp.sra.ebi.ac.uk:vol1/fastq/SRR169/061/SRR16966861/SRR16966861.fastq.gz,
SRR16966862,SRP346589,The DEAD-box RNA helicase PfDOZI imposes opposing actions on RNA metabolism in Plasmodium falciparum,SRX13158253,GSM5693496: DoziKo_R3_40h; Plasmodium falciparum; RNA-Seq,GSM5693496: DoziKo_R3_40h; Plasmodium falciparum; RNA-Seq,5833,Plasmodium falciparum,,RNA-Seq,TRANSCRIPTOMIC,cDNA,SINGLE,SRS11089979,,SAMN23243034,PRJNA781234,Illumina HiSeq 2500,Illumina HiSeq 2500,ILLUMINA,4759474,158837225,4759474,459124567,GSM5693496_r1,SRR16966862.lite,31436768,2023-02-08 06:28:10,06c39bc4ddef570c0ad6ce5e9c760f8c,1,SRA Lite,Primary ETL,1,s3://sra-pub-zq-7/SRR16966862/SRR16966862.lite.1,s3.us-east-1,aws identity,https://sra-downloadb.be-md.ncbi.nlm.nih.gov/sos6/sra-pub-zq-40/SRR016/16966/SRR16966862/SRR16966862.lite.1,https://sra-downloadb.be-md.ncbi.nlm.nih.gov/sos6/sra-pub-zq-40/SRR016/16966/SRR16966862/SRR16966862.lite.1,worldwide,anonymous,gs://sra-pub-zq-104/SRR16966862/SRR16966862.lite.1,gs.us-east1,gcp identity,GSM5693496,Plasmodium parasite,deltapfdozi,schizont,no treatment,,http://ftp.sra.ebi.ac.uk/vol1/fastq/SRR169/062/SRR16966862/SRR16966862.fastq.gz,,,era-fasp@fasp.sra.ebi.ac.uk:vol1/fastq/SRR169/062/SRR16966862/SRR16966862.fastq.gz,
SRR16966863,SRP346589,The DEAD-box RNA helicase PfDOZI imposes opposing actions on RNA metabolism in Plasmodium falciparum,SRX13158254,GSM5693497: X3D7_ga_R1; Plasmodium falciparum; RNA-Seq,GSM5693497: X3D7_ga_R1; Plasmodium falciparum; RNA-Seq,5833,Plasmodium falciparum,,RNA-Seq,TRANSCRIPTOMIC,cDNA,SINGLE,SRS11089978,,SAMN23243035,PRJNA781234,Illumina HiSeq 2500,Illumina HiSeq 2500,ILLUMINA,4180435,129455146,4180435,396256568,GSM5693497_r1,SRR16966863.lite,32725536,2023-02-08 06:28:19,3d2e91aaa7cb9327d9876c6aaad4e63f,1,SRA Lite,Primary ETL,1,s3://sra-pub-zq-7/SRR16966863/SRR16966863.lite.1,s3.us-east-1,aws identity,https://sra-downloadb.be-md.ncbi.nlm.nih.gov/sos6/sra-pub-zq-40/SRR016/16966/SRR16966863/SRR16966863.lite.1,https://sra-downloadb.be-md.ncbi.nlm.nih.gov/sos6/sra-pub-zq-40/SRR016/16966/SRR16966863/SRR16966863.lite.1,worldwide,anonymous,gs://sra-pub-zq-104/SRR16966863/SRR16966863.lite.1,gs.us-east1,gcp identity,GSM5693497,Plasmodium parasite,wildtype,gametocyte,no treatment,,http://ftp.sra.ebi.ac.uk/vol1/fastq/SRR169/063/SRR16966863/SRR16966863.fastq.gz,,,era-fasp@fasp.sra.ebi.ac.uk:vol1/fastq/SRR169/063/SRR16966863/SRR16966863.fastq.gz,
SRR16966864,SRP346589,The DEAD-box RNA helicase PfDOZI imposes opposing actions on RNA metabolism in Plasmodium falciparum,SRX13158255,GSM5693498: X3D7_ga_R2; Plasmodium falciparum; RNA-Seq,GSM5693498: X3D7_ga_R2; Plasmodium falciparum; RNA-Seq,5833,Plasmodium falciparum,,RNA-Seq,TRANSCRIPTOMIC,cDNA,SINGLE,SRS11089725,,SAMN23243036,PRJNA781234,Illumina HiSeq 2500,Illumina HiSeq 2500,ILLUMINA,4563214,138117226,4563214,439791032,GSM5693498_r1,SRR16966864.lite,31177840,2023-02-08 06:28:28,ea8678c4e09aaec9f7d09500c8bc1697,1,SRA Lite,Primary ETL,1,s3://sra-pub-zq-7/SRR16966864/SRR16966864.lite.1,s3.us-east-1,aws identity,https://sra-downloadb.be-md.ncbi.nlm.nih.gov/sos6/sra-pub-zq-40/SRR016/16966/SRR16966864/SRR16966864.lite.1,https://sra-downloadb.be-md.ncbi.nlm.nih.gov/sos6/sra-pub-zq-40/SRR016/16966/SRR16966864/SRR16966864.lite.1,worldwide,anonymous,gs://sra-pub-zq-104/SRR16966864/SRR16966864.lite.1,gs.us-east1,gcp identity,GSM5693498,Plasmodium parasite,wildtype,gametocyte,no treatment,,http://ftp.sra.ebi.ac.uk/vol1/fastq/SRR169/064/SRR16966864/SRR16966864.fastq.gz,,,era-fasp@fasp.sra.ebi.ac.uk:vol1/fastq/SRR169/064/SRR16966864/SRR16966864.fastq.gz,
SRR16966865,SRP346589,The DEAD-box RNA helicase PfDOZI imposes opposing actions on RNA metabolism in Plasmodium falciparum,SRX13158256,GSM5693499: X3D7_ga_R3; Plasmodium falciparum; RNA-Seq,GSM5693499: X3D7_ga_R3; Plasmodium falciparum; RNA-Seq,5833,Plasmodium falciparum,,RNA-Seq,TRANSCRIPTOMIC,cDNA,SINGLE,SRS11089727,,SAMN23243037,PRJNA781234,Illumina HiSeq 2500,Illumina HiSeq 2500,ILLUMINA,5316679,157846442,5316679,512046272,GSM5693499_r1,SRR16966865.lite,35958178,2023-02-08 06:28:48,8425a561e774ce48773e9e20beec68e2,1,SRA Lite,Primary ETL,1,s3://sra-pub-zq-7/SRR16966865/SRR16966865.lite.1,s3.us-east-1,aws identity,https://sra-downloadb.be-md.ncbi.nlm.nih.gov/sos6/sra-pub-zq-40/SRR016/16966/SRR16966865/SRR16966865.lite.1,https://sra-downloadb.be-md.ncbi.nlm.nih.gov/sos6/sra-pub-zq-40/SRR016/16966/SRR16966865/SRR16966865.lite.1,worldwide,anonymous,gs://sra-pub-zq-104/SRR16966865/SRR16966865.lite.1,gs.us-east1,gcp identity,GSM5693499,Plasmodium parasite,wildtype,gametocyte,no treatment,,http://ftp.sra.ebi.ac.uk/vol1/fastq/SRR169/065/SRR16966865/SRR16966865.fastq.gz,,,era-fasp@fasp.sra.ebi.ac.uk:vol1/fastq/SRR169/065/SRR16966865/SRR16966865.fastq.gz,
SRR16966866,SRP346589,The DEAD-box RNA helicase PfDOZI imposes opposing actions on RNA metabolism in Plasmodium falciparum,SRX13158257,GSM5693500: DOZI_KO_ga_R1; Plasmodium falciparum; RNA-Seq,GSM5693500: DOZI_KO_ga_R1; Plasmodium falciparum; RNA-Seq,5833,Plasmodium falciparum,,RNA-Seq,TRANSCRIPTOMIC,cDNA,SINGLE,SRS11089724,,SAMN23243038,PRJNA781234,Illumina HiSeq 2500,Illumina HiSeq 2500,ILLUMINA,4671912,142930964,4671912,445947238,GSM5693500_r1,SRR16966866.lite,34752447,2022-10-13 06:26:11,44b88753f07adf637a43d14c1517b818,1,SRA Lite,Primary ETL,1,s3://sra-pub-zq-7/SRR16966866/SRR16966866.lite.1,s3.us-east-1,aws identity,https://sra-downloadb.be-md.ncbi.nlm.nih.gov/sos6/sra-pub-zq-40/SRR016/16966/SRR16966866/SRR16966866.lite.1,https://sra-downloadb.be-md.ncbi.nlm.nih.gov/sos6/sra-pub-zq-40/SRR016/16966/SRR16966866/SRR16966866.lite.1,worldwide,anonymous,gs://sra-pub-zq-104/SRR16966866/SRR16966866.lite.1,gs.us-east1,gcp identity,GSM5693500,Plasmodium parasite,deltapfdozi,gametocyte,no treatment,,http://ftp.sra.ebi.ac.uk/vol1/fastq/SRR169/066/SRR16966866/SRR16966866.fastq.gz,,,era-fasp@fasp.sra.ebi.ac.uk:vol1/fastq/SRR169/066/SRR16966866/SRR16966866.fastq.gz,
SRR16966867,SRP346589,The DEAD-box RNA helicase PfDOZI imposes opposing actions on RNA metabolism in Plasmodium falciparum,SRX13158258,GSM5693501: DOZI_KO_ga_R2; Plasmodium falciparum; RNA-Seq,GSM5693501: DOZI_KO_ga_R2; Plasmodium falciparum; RNA-Seq,5833,Plasmodium falciparum,,RNA-Seq,TRANSCRIPTOMIC,cDNA,SINGLE,SRS11089726,,SAMN23243039,PRJNA781234,Illumina HiSeq 2500,Illumina HiSeq 2500,ILLUMINA,5919008,180865718,5919008,569174486,GSM5693501_r1,SRR16966867.lite,41854135,2023-02-08 06:28:52,a2eb48963373cf8f39e0b61283370c95,1,SRA Lite,Primary ETL,1,s3://sra-pub-zq-7/SRR16966867/SRR16966867.lite.1,s3.us-east-1,aws identity,https://sra-downloadb.be-md.ncbi.nlm.nih.gov/sos6/sra-pub-zq-40/SRR016/16966/SRR16966867/SRR16966867.lite.1,https://sra-downloadb.be-md.ncbi.nlm.nih.gov/sos6/sra-pub-zq-40/SRR016/16966/SRR16966867/SRR16966867.lite.1,worldwide,anonymous,gs://sra-pub-zq-104/SRR16966867/SRR16966867.lite.1,gs.us-east1,gcp identity,GSM5693501,Plasmodium parasite,deltapfdozi,gametocyte,no treatment,,http://ftp.sra.ebi.ac.uk/vol1/fastq/SRR169/067/SRR16966867/SRR16966867.fastq.gz,,,era-fasp@fasp.sra.ebi.ac.uk:vol1/fastq/SRR169/067/SRR16966867/SRR16966867.fastq.gz,
SRR16966868,SRP346589,The DEAD-box RNA helicase PfDOZI imposes opposing actions on RNA metabolism in Plasmodium falciparum,SRX13158259,GSM5693502: DOZI_KO_ga_R3; Plasmodium falciparum; RNA-Seq,GSM5693502: DOZI_KO_ga_R3; Plasmodium falciparum; RNA-Seq,5833,Plasmodium falciparum,,RNA-Seq,TRANSCRIPTOMIC,cDNA,SINGLE,SRS11089728,,SAMN23243043,PRJNA781234,Illumina HiSeq 2500,Illumina HiSeq 2500,ILLUMINA,5522339,166456821,5522339,532858098,GSM5693502_r1,SRR16966868.lite,38894741,2022-11-20 14:41:06,98fb3af37456129ec54388ad86b11143,1,SRA Lite,Primary ETL,1,s3://sra-pub-zq-7/SRR16966868/SRR16966868.lite.1,s3.us-east-1,aws identity,https://sra-downloadb.be-md.ncbi.nlm.nih.gov/sos6/sra-pub-zq-40/SRR016/16966/SRR16966868/SRR16966868.lite.1,https://sra-downloadb.be-md.ncbi.nlm.nih.gov/sos6/sra-pub-zq-40/SRR016/16966/SRR16966868/SRR16966868.lite.1,worldwide,anonymous,gs://sra-pub-zq-104/SRR16966868/SRR16966868.lite.1,gs.us-east1,gcp identity,GSM5693502,Plasmodium parasite,deltapfdozi,gametocyte,no treatment,,http://ftp.sra.ebi.ac.uk/vol1/fastq/SRR169/068/SRR16966868/SRR16966868.fastq.gz,,,era-fasp@fasp.sra.ebi.ac.uk:vol1/fastq/SRR169/068/SRR16966868/SRR16966868.fastq.gz,
SRR16966869,SRP346589,The DEAD-box RNA helicase PfDOZI imposes opposing actions on RNA metabolism in Plasmodium falciparum,SRX13158260,GSM5693503: X3D7_Stress_Schi_1; Plasmodium falciparum; RNA-Seq,GSM5693503: X3D7_Stress_Schi_1; Plasmodium falciparum; RNA-Seq,5833,Plasmodium falciparum,,RNA-Seq,TRANSCRIPTOMIC,cDNA,PAIRED,SRS11089729,,SAMN23243044,PRJNA781234,Illumina MiSeq,Illumina MiSeq,ILLUMINA,2440913,176662522,2440913,737155726,GSM5693503_r1,SRR16966869.lite,78949174,2023-02-08 06:29:01,9a052ff3d2098056c6b1466aa535fec5,1,SRA Lite,Primary ETL,1,s3://sra-pub-zq-7/SRR16966869/SRR16966869.lite.1,s3.us-east-1,aws identity,https://sra-downloadb.be-md.ncbi.nlm.nih.gov/sos6/sra-pub-zq-40/SRR016/16966/SRR16966869/SRR16966869.lite.1,https://sra-downloadb.be-md.ncbi.nlm.nih.gov/sos6/sra-pub-zq-40/SRR016/16966/SRR16966869/SRR16966869.lite.1,worldwide,anonymous,gs://sra-pub-zq-104/SRR16966869/SRR16966869.lite.1,gs.us-east1,gcp identity,GSM5693503,Plasmodium parasite,wildtype,schizont,nutrient starvation,,http://ftp.sra.ebi.ac.uk/vol1/fastq/SRR169/069/SRR16966869/SRR16966869_1.fastq.gz,http://ftp.sra.ebi.ac.uk/vol1/fastq/SRR169/069/SRR16966869/SRR16966869_2.fastq.gz,,era-fasp@fasp.sra.ebi.ac.uk:vol1/fastq/SRR169/069/SRR16966869/SRR16966869_1.fastq.gz,era-fasp@fasp.sra.ebi.ac.uk:vol1/fastq/SRR169/069/SRR16966869/SRR16966869_2.fastq.gz
SRR16966870,SRP346589,The DEAD-box RNA helicase PfDOZI imposes opposing actions on RNA metabolism in Plasmodium falciparum,SRX13158261,GSM5693504: X3D7_Stress_Schi_2; Plasmodium falciparum; RNA-Seq,GSM5693504: X3D7_Stress_Schi_2; Plasmodium falciparum; RNA-Seq,5833,Plasmodium falciparum,,RNA-Seq,TRANSCRIPTOMIC,cDNA,PAIRED,SRS11089731,,SAMN23243045,PRJNA781234,Illumina MiSeq,Illumina MiSeq,ILLUMINA,2852149,210762863,2852149,861348998,GSM5693504_r1,SRR16966870.lite,96959091,2022-11-16 20:26:16,d046785a792717a49e545a1b08af8d0e,1,SRA Lite,Primary ETL,1,s3://sra-pub-zq-7/SRR16966870/SRR16966870.lite.1,s3.us-east-1,aws identity,https://sra-downloadb.be-md.ncbi.nlm.nih.gov/sos6/sra-pub-zq-40/SRR016/16966/SRR16966870/SRR16966870.lite.1,https://sra-downloadb.be-md.ncbi.nlm.nih.gov/sos6/sra-pub-zq-40/SRR016/16966/SRR16966870/SRR16966870.lite.1,worldwide,anonymous,gs://sra-pub-zq-104/SRR16966870/SRR16966870.lite.1,gs.us-east1,gcp identity,GSM5693504,Plasmodium parasite,wildtype,schizont,nutrient starvation,,http://ftp.sra.ebi.ac.uk/vol1/fastq/SRR169/070/SRR16966870/SRR16966870_1.fastq.gz,http://ftp.sra.ebi.ac.uk/vol1/fastq/SRR169/070/SRR16966870/SRR16966870_2.fastq.gz,,era-fasp@fasp.sra.ebi.ac.uk:vol1/fastq/SRR169/070/SRR16966870/SRR16966870_1.fastq.gz,era-fasp@fasp.sra.ebi.ac.uk:vol1/fastq/SRR169/070/SRR16966870/SRR16966870_2.fastq.gz
SRR16966871,SRP346589,The DEAD-box RNA helicase PfDOZI imposes opposing actions on RNA metabolism in Plasmodium falciparum,SRX13158262,GSM5693505: X3D7_Stress_Schi_3; Plasmodium falciparum; RNA-Seq,GSM5693505: X3D7_Stress_Schi_3; Plasmodium falciparum; RNA-Seq,5833,Plasmodium falciparum,,RNA-Seq,TRANSCRIPTOMIC,cDNA,PAIRED,SRS11089730,,SAMN23243046,PRJNA781234,Illumina MiSeq,Illumina MiSeq,ILLUMINA,2210343,144597664,2210343,667523586,GSM5693505_r1,SRR16966871.lite,56332870,2022-10-21 02:31:01,050189886fedc965e894a0169637b5cc,1,SRA Lite,Primary ETL,1,s3://sra-pub-zq-7/SRR16966871/SRR16966871.lite.1,s3.us-east-1,aws identity,https://sra-downloadb.be-md.ncbi.nlm.nih.gov/sos6/sra-pub-zq-40/SRR016/16966/SRR16966871/SRR16966871.lite.1,https://sra-downloadb.be-md.ncbi.nlm.nih.gov/sos6/sra-pub-zq-40/SRR016/16966/SRR16966871/SRR16966871.lite.1,worldwide,anonymous,gs://sra-pub-zq-104/SRR16966871/SRR16966871.lite.1,gs.us-east1,gcp identity,GSM5693505,Plasmodium parasite,wildtype,schizont,nutrient starvation,,http://ftp.sra.ebi.ac.uk/vol1/fastq/SRR169/071/SRR16966871/SRR16966871_1.fastq.gz,http://ftp.sra.ebi.ac.uk/vol1/fastq/SRR169/071/SRR16966871/SRR16966871_2.fastq.gz,,era-fasp@fasp.sra.ebi.ac.uk:vol1/fastq/SRR169/071/SRR16966871/SRR16966871_1.fastq.gz,era-fasp@fasp.sra.ebi.ac.uk:vol1/fastq/SRR169/071/SRR16966871/SRR16966871_2.fastq.gz
SRR16966872,SRP346589,The DEAD-box RNA helicase PfDOZI imposes opposing actions on RNA metabolism in Plasmodium falciparum,SRX13158263,GSM5693506: DOZ.KO_Stress_Schi_1; Plasmodium falciparum; RNA-Seq,GSM5693506: DOZ.KO_Stress_Schi_1; Plasmodium falciparum; RNA-Seq,5833,Plasmodium falciparum,,RNA-Seq,TRANSCRIPTOMIC,cDNA,PAIRED,SRS11089732,,SAMN23243047,PRJNA781234,Illumina MiSeq,Illumina MiSeq,ILLUMINA,2062239,134860222,2062239,622796178,GSM5693506_r1,SRR16966872.lite,51427019,2023-02-05 17:47:22,4da8857230c64f1848b03fc8256b8942,1,SRA Lite,Primary ETL,1,s3://sra-pub-zq-7/SRR16966872/SRR16966872.lite.1,s3.us-east-1,aws identity,https://sra-downloadb.be-md.ncbi.nlm.nih.gov/sos6/sra-pub-zq-40/SRR016/16966/SRR16966872/SRR16966872.lite.1,https://sra-downloadb.be-md.ncbi.nlm.nih.gov/sos6/sra-pub-zq-40/SRR016/16966/SRR16966872/SRR16966872.lite.1,worldwide,anonymous,gs://sra-pub-zq-104/SRR16966872/SRR16966872.lite.1,gs.us-east1,gcp identity,GSM5693506,Plasmodium parasite,deltapfdozi,schizont,nutrient starvation,,http://ftp.sra.ebi.ac.uk/vol1/fastq/SRR169/072/SRR16966872/SRR16966872_1.fastq.gz,http://ftp.sra.ebi.ac.uk/vol1/fastq/SRR169/072/SRR16966872/SRR16966872_2.fastq.gz,,era-fasp@fasp.sra.ebi.ac.uk:vol1/fastq/SRR169/072/SRR16966872/SRR16966872_1.fastq.gz,era-fasp@fasp.sra.ebi.ac.uk:vol1/fastq/SRR169/072/SRR16966872/SRR16966872_2.fastq.gz
SRR16966873,SRP346589,The DEAD-box RNA helicase PfDOZI imposes opposing actions on RNA metabolism in Plasmodium falciparum,SRX13158264,GSM5693507: DOZ.KO_Stress_Schi_2; Plasmodium falciparum; RNA-Seq,GSM5693507: DOZ.KO_Stress_Schi_2; Plasmodium falciparum; RNA-Seq,5833,Plasmodium falciparum,,RNA-Seq,TRANSCRIPTOMIC,cDNA,PAIRED,SRS11089733,,SAMN23243048,PRJNA781234,Illumina MiSeq,Illumina MiSeq,ILLUMINA,2408626,168262433,2408626,727405052,GSM5693507_r1,SRR16966873.lite,74187510,2023-02-05 17:47:21,c5c9f57402f81429f2d044ba74b88b12,1,SRA Lite,Primary ETL,1,s3://sra-pub-zq-7/SRR16966873/SRR16966873.lite.1,s3.us-east-1,aws identity,https://sra-downloadb.be-md.ncbi.nlm.nih.gov/sos6/sra-pub-zq-40/SRR016/16966/SRR16966873/SRR16966873.lite.1,https://sra-downloadb.be-md.ncbi.nlm.nih.gov/sos6/sra-pub-zq-40/SRR016/16966/SRR16966873/SRR16966873.lite.1,worldwide,anonymous,gs://sra-pub-zq-104/SRR16966873/SRR16966873.lite.1,gs.us-east1,gcp identity,GSM5693507,Plasmodium parasite,deltapfdozi,schizont,nutrient starvation,,http://ftp.sra.ebi.ac.uk/vol1/fastq/SRR169/073/SRR16966873/SRR16966873_1.fastq.gz,http://ftp.sra.ebi.ac.uk/vol1/fastq/SRR169/073/SRR16966873/SRR16966873_2.fastq.gz,,era-fasp@fasp.sra.ebi.ac.uk:vol1/fastq/SRR169/073/SRR16966873/SRR16966873_1.fastq.gz,era-fasp@fasp.sra.ebi.ac.uk:vol1/fastq/SRR169/073/SRR16966873/SRR16966873_2.fastq.gz
SRR16966874,SRP346589,The DEAD-box RNA helicase PfDOZI imposes opposing actions on RNA metabolism in Plasmodium falciparum,SRX13158265,GSM5693508: DOZ.KO_Stress_Schi_3; Plasmodium falciparum; RNA-Seq,GSM5693508: DOZ.KO_Stress_Schi_3; Plasmodium falciparum; RNA-Seq,5833,Plasmodium falciparum,,RNA-Seq,TRANSCRIPTOMIC,cDNA,PAIRED,SRS11089734,,SAMN23243049,PRJNA781234,Illumina MiSeq,Illumina MiSeq,ILLUMINA,2537718,192366845,2537718,766390836,GSM5693508_r1,SRR16966874.lite,86873566,2022-10-30 12:00:01,94cee46ce2d0ac83185fed29c0a41dba,1,SRA Lite,Primary ETL,1,s3://sra-pub-zq-7/SRR16966874/SRR16966874.lite.1,s3.us-east-1,aws identity,https://sra-downloadb.be-md.ncbi.nlm.nih.gov/sos6/sra-pub-zq-40/SRR016/16966/SRR16966874/SRR16966874.lite.1,https://sra-downloadb.be-md.ncbi.nlm.nih.gov/sos6/sra-pub-zq-40/SRR016/16966/SRR16966874/SRR16966874.lite.1,worldwide,anonymous,gs://sra-pub-zq-104/SRR16966874/SRR16966874.lite.1,gs.us-east1,gcp identity,GSM5693508,Plasmodium parasite,deltapfdozi,schizont,nutrient starvation,,http://ftp.sra.ebi.ac.uk/vol1/fastq/SRR169/074/SRR16966874/SRR16966874_1.fastq.gz,http://ftp.sra.ebi.ac.uk/vol1/fastq/SRR169/074/SRR16966874/SRR16966874_2.fastq.gz,,era-fasp@fasp.sra.ebi.ac.uk:vol1/fastq/SRR169/074/SRR16966874/SRR16966874_1.fastq.gz,era-fasp@fasp.sra.ebi.ac.uk:vol1/fastq/SRR169/074/SRR16966874/SRR16966874_2.fastq.gz
SRR16966875,SRP346589,The DEAD-box RNA helicase PfDOZI imposes opposing actions on RNA metabolism in Plasmodium falciparum,SRX13158266,GSM5693509: normalized_DOZI_Schi_Input1; Plasmodium falciparum; RIP-Seq,GSM5693509: normalized_DOZI_Schi_Input1; Plasmodium falciparum; RIP-Seq,5833,Plasmodium falciparum,,RIP-Seq,TRANSCRIPTOMIC,other,PAIRED,SRS11089735,,SAMN23243050,PRJNA781234,Illumina MiSeq,Illumina MiSeq,ILLUMINA,7874771,533701340,7874771,2287999093,GSM5693509_r1,SRR16966875.lite,233652099,2023-02-05 17:47:40,fc1e50393438705b680b8ee28170aefe,1,SRA Lite,Primary ETL,1,s3://sra-pub-zq-7/SRR16966875/SRR16966875.lite.1,s3.us-east-1,aws identity,https://sra-downloadb.be-md.ncbi.nlm.nih.gov/sos6/sra-pub-zq-40/SRR016/16966/SRR16966875/SRR16966875.lite.1,https://sra-downloadb.be-md.ncbi.nlm.nih.gov/sos6/sra-pub-zq-40/SRR016/16966/SRR16966875/SRR16966875.lite.1,worldwide,anonymous,gs://sra-pub-zq-104/SRR16966875/SRR16966875.lite.1,gs.us-east1,gcp identity,GSM5693509,Plasmodium parasite,GFP tagging,schizont,no treatment,,http://ftp.sra.ebi.ac.uk/vol1/fastq/SRR169/075/SRR16966875/SRR16966875_1.fastq.gz,http://ftp.sra.ebi.ac.uk/vol1/fastq/SRR169/075/SRR16966875/SRR16966875_2.fastq.gz,,era-fasp@fasp.sra.ebi.ac.uk:vol1/fastq/SRR169/075/SRR16966875/SRR16966875_1.fastq.gz,era-fasp@fasp.sra.ebi.ac.uk:vol1/fastq/SRR169/075/SRR16966875/SRR16966875_2.fastq.gz
SRR16966876,SRP346589,The DEAD-box RNA helicase PfDOZI imposes opposing actions on RNA metabolism in Plasmodium falciparum,SRX13158267,GSM5693510: normalized_DOZI_Schi_Input2; Plasmodium falciparum; RIP-Seq,GSM5693510: normalized_DOZI_Schi_Input2; Plasmodium falciparum; RIP-Seq,5833,Plasmodium falciparum,,RIP-Seq,TRANSCRIPTOMIC,other,PAIRED,SRS11089736,,SAMN23243051,PRJNA781234,Illumina MiSeq,Illumina MiSeq,ILLUMINA,7453820,502337399,7453820,2160964296,GSM5693510_r1,SRR16966876.lite,216581134,2023-02-05 17:47:38,aeadda90307666ea568128e848ec2f4e,1,SRA Lite,Primary ETL,1,s3://sra-pub-zq-7/SRR16966876/SRR16966876.lite.1,s3.us-east-1,aws identity,https://sra-downloadb.be-md.ncbi.nlm.nih.gov/sos6/sra-pub-zq-40/SRR016/16966/SRR16966876/SRR16966876.lite.1,https://sra-downloadb.be-md.ncbi.nlm.nih.gov/sos6/sra-pub-zq-40/SRR016/16966/SRR16966876/SRR16966876.lite.1,worldwide,anonymous,gs://sra-pub-zq-104/SRR16966876/SRR16966876.lite.1,gs.us-east1,gcp identity,GSM5693510,Plasmodium parasite,GFP tagging,schizont,no treatment,,http://ftp.sra.ebi.ac.uk/vol1/fastq/SRR169/076/SRR16966876/SRR16966876_1.fastq.gz,http://ftp.sra.ebi.ac.uk/vol1/fastq/SRR169/076/SRR16966876/SRR16966876_2.fastq.gz,,era-fasp@fasp.sra.ebi.ac.uk:vol1/fastq/SRR169/076/SRR16966876/SRR16966876_1.fastq.gz,era-fasp@fasp.sra.ebi.ac.uk:vol1/fastq/SRR169/076/SRR16966876/SRR16966876_2.fastq.gz
SRR16966877,SRP346589,The DEAD-box RNA helicase PfDOZI imposes opposing actions on RNA metabolism in Plasmodium falciparum,SRX13158268,GSM5693511: normalized_DOZI_Schi_IP1; Plasmodium falciparum; RIP-Seq,GSM5693511: normalized_DOZI_Schi_IP1; Plasmodium falciparum; RIP-Seq,5833,Plasmodium falciparum,,RIP-Seq,TRANSCRIPTOMIC,other,PAIRED,SRS11089737,,SAMN23243052,PRJNA781234,Illumina MiSeq,Illumina MiSeq,ILLUMINA,7714622,530171861,7714622,2243859253,GSM5693511_r1,SRR16966877.lite,233251790,2022-10-30 12:01:04,fbce16d789ff03e572390f3b3d75029a,1,SRA Lite,Primary ETL,1,s3://sra-pub-zq-7/SRR16966877/SRR16966877.lite.1,s3.us-east-1,aws identity,https://sra-downloadb.be-md.ncbi.nlm.nih.gov/sos6/sra-pub-zq-40/SRR016/16966/SRR16966877/SRR16966877.lite.1,https://sra-downloadb.be-md.ncbi.nlm.nih.gov/sos6/sra-pub-zq-40/SRR016/16966/SRR16966877/SRR16966877.lite.1,worldwide,anonymous,gs://sra-pub-zq-104/SRR16966877/SRR16966877.lite.1,gs.us-east1,gcp identity,GSM5693511,Plasmodium parasite,GFP tagging,schizont,no treatment,,http://ftp.sra.ebi.ac.uk/vol1/fastq/SRR169/077/SRR16966877/SRR16966877_1.fastq.gz,http://ftp.sra.ebi.ac.uk/vol1/fastq/SRR169/077/SRR16966877/SRR16966877_2.fastq.gz,,era-fasp@fasp.sra.ebi.ac.uk:vol1/fastq/SRR169/077/SRR16966877/SRR16966877_1.fastq.gz,era-fasp@fasp.sra.ebi.ac.uk:vol1/fastq/SRR169/077/SRR16966877/SRR16966877_2.fastq.gz
SRR16966878,SRP346589,The DEAD-box RNA helicase PfDOZI imposes opposing actions on RNA metabolism in Plasmodium falciparum,SRX13158269,GSM5693512: normalized_DOZI_Schi_IP2; Plasmodium falciparum; RIP-Seq,GSM5693512: normalized_DOZI_Schi_IP2; Plasmodium falciparum; RIP-Seq,5833,Plasmodium falciparum,,RIP-Seq,TRANSCRIPTOMIC,other,PAIRED,SRS11089738,,SAMN23243053,PRJNA781234,Illumina MiSeq,Illumina MiSeq,ILLUMINA,9293074,616753834,9293074,2689492823,GSM5693512_r1,SRR16966878.lite,270056321,2023-02-08 06:30:11,5ad01931d695c7d988d139ee09caa16c,1,SRA Lite,Primary ETL,1,s3://sra-pub-zq-7/SRR16966878/SRR16966878.lite.1,s3.us-east-1,aws identity,https://sra-downloadb.be-md.ncbi.nlm.nih.gov/sos6/sra-pub-zq-40/SRR016/16966/SRR16966878/SRR16966878.lite.1,https://sra-downloadb.be-md.ncbi.nlm.nih.gov/sos6/sra-pub-zq-40/SRR016/16966/SRR16966878/SRR16966878.lite.1,worldwide,anonymous,gs://sra-pub-zq-104/SRR16966878/SRR16966878.lite.1,gs.us-east1,gcp identity,GSM5693512,Plasmodium parasite,GFP tagging,schizont,no treatment,,http://ftp.sra.ebi.ac.uk/vol1/fastq/SRR169/078/SRR16966878/SRR16966878_1.fastq.gz,http://ftp.sra.ebi.ac.uk/vol1/fastq/SRR169/078/SRR16966878/SRR16966878_2.fastq.gz,,era-fasp@fasp.sra.ebi.ac.uk:vol1/fastq/SRR169/078/SRR16966878/SRR16966878_1.fastq.gz,era-fasp@fasp.sra.ebi.ac.uk:vol1/fastq/SRR169/078/SRR16966878/SRR16966878_2.fastq.gz
SRR16966879,SRP346589,The DEAD-box RNA helicase PfDOZI imposes opposing actions on RNA metabolism in Plasmodium falciparum,SRX13158270,GSM5693513: normalized_DOZI_Ga_Input1; Plasmodium falciparum; RIP-Seq,GSM5693513: normalized_DOZI_Ga_Input1; Plasmodium falciparum; RIP-Seq,5833,Plasmodium falciparum,,RIP-Seq,TRANSCRIPTOMIC,other,PAIRED,SRS11089739,,SAMN23243054,PRJNA781234,Illumina MiSeq,Illumina MiSeq,ILLUMINA,6882236,475464468,6882236,1989492991,GSM5693513_r1,DOZI_Ga_Input1_S5_merged.bam,1097708900,2021-11-24 09:55:38,17fa4f2a15443f68f6bcaf035dcafa5b,1,bam,Original,0,s3://sra-pub-src-13/SRR16966879/DOZI_Ga_Input1_S5_merged.bam.1,-,Use Cloud Data Delivery,https://sra-pub-run-odp.s3.amazonaws.com/sra/SRR16966879/SRR16966879,https://sra-downloadb.be-md.ncbi.nlm.nih.gov/sos6/sra-pub-zq-40/SRR016/16966/SRR16966879/SRR16966879.lite.1,worldwide,anonymous,gs://sra-pub-zq-104/SRR16966879/SRR16966879.lite.1,gs.us-east1,gcp identity,GSM5693513,Plasmodium parasite,GFP tagging,gametocyte,no treatment,,http://ftp.sra.ebi.ac.uk/vol1/fastq/SRR169/079/SRR16966879/SRR16966879_1.fastq.gz,http://ftp.sra.ebi.ac.uk/vol1/fastq/SRR169/079/SRR16966879/SRR16966879_2.fastq.gz,,era-fasp@fasp.sra.ebi.ac.uk:vol1/fastq/SRR169/079/SRR16966879/SRR16966879_1.fastq.gz,era-fasp@fasp.sra.ebi.ac.uk:vol1/fastq/SRR169/079/SRR16966879/SRR16966879_2.fastq.gz
SRR16966880,SRP346589,The DEAD-box RNA helicase PfDOZI imposes opposing actions on RNA metabolism in Plasmodium falciparum,SRX13158271,GSM5693514: normalized_DOZI_Ga_Input2; Plasmodium falciparum; RIP-Seq,GSM5693514: normalized_DOZI_Ga_Input2; Plasmodium falciparum; RIP-Seq,5833,Plasmodium falciparum,,RIP-Seq,TRANSCRIPTOMIC,other,PAIRED,SRS11089740,,SAMN23243055,PRJNA781234,Illumina MiSeq,Illumina MiSeq,ILLUMINA,6736622,455941309,6736622,1970613995,GSM5693514_r1,SRR16966880.lite,196221452,2023-02-05 17:48:13,cf1b1f218a0600fd9a6f8d810c79e063,1,SRA Lite,Primary ETL,1,s3://sra-pub-zq-7/SRR16966880/SRR16966880.lite.1,s3.us-east-1,aws identity,https://sra-downloadb.be-md.ncbi.nlm.nih.gov/sos6/sra-pub-zq-40/SRR016/16966/SRR16966880/SRR16966880.lite.1,https://sra-downloadb.be-md.ncbi.nlm.nih.gov/sos6/sra-pub-zq-40/SRR016/16966/SRR16966880/SRR16966880.lite.1,worldwide,anonymous,gs://sra-pub-zq-104/SRR16966880/SRR16966880.lite.1,gs.us-east1,gcp identity,GSM5693514,Plasmodium parasite,GFP tagging,gametocyte,no treatment,,http://ftp.sra.ebi.ac.uk/vol1/fastq/SRR169/080/SRR16966880/SRR16966880_1.fastq.gz,http://ftp.sra.ebi.ac.uk/vol1/fastq/SRR169/080/SRR16966880/SRR16966880_2.fastq.gz,,era-fasp@fasp.sra.ebi.ac.uk:vol1/fastq/SRR169/080/SRR16966880/SRR16966880_1.fastq.gz,era-fasp@fasp.sra.ebi.ac.uk:vol1/fastq/SRR169/080/SRR16966880/SRR16966880_2.fastq.gz
SRR16966881,SRP346589,The DEAD-box RNA helicase PfDOZI imposes opposing actions on RNA metabolism in Plasmodium falciparum,SRX13158272,GSM5693515: normalized_DOZI_Ga_IP1; Plasmodium falciparum; RIP-Seq,GSM5693515: normalized_DOZI_Ga_IP1; Plasmodium falciparum; RIP-Seq,5833,Plasmodium falciparum,,RIP-Seq,TRANSCRIPTOMIC,other,PAIRED,SRS11089741,,SAMN23243056,PRJNA781234,Illumina MiSeq,Illumina MiSeq,ILLUMINA,7287259,498675968,7287259,2121548264,GSM5693515_r1,SRR16966881.lite,217686717,2023-02-08 06:29:58,6e0a9754bfb9db6bcff3d4dacddb5c88,1,SRA Lite,Primary ETL,1,s3://sra-pub-zq-7/SRR16966881/SRR16966881.lite.1,s3.us-east-1,aws identity,https://sra-downloadb.be-md.ncbi.nlm.nih.gov/sos6/sra-pub-zq-40/SRR016/16966/SRR16966881/SRR16966881.lite.1,https://sra-downloadb.be-md.ncbi.nlm.nih.gov/sos6/sra-pub-zq-40/SRR016/16966/SRR16966881/SRR16966881.lite.1,worldwide,anonymous,gs://sra-pub-zq-104/SRR16966881/SRR16966881.lite.1,gs.us-east1,gcp identity,GSM5693515,Plasmodium parasite,GFP tagging,gametocyte,no treatment,,http://ftp.sra.ebi.ac.uk/vol1/fastq/SRR169/081/SRR16966881/SRR16966881_1.fastq.gz,http://ftp.sra.ebi.ac.uk/vol1/fastq/SRR169/081/SRR16966881/SRR16966881_2.fastq.gz,,era-fasp@fasp.sra.ebi.ac.uk:vol1/fastq/SRR169/081/SRR16966881/SRR16966881_1.fastq.gz,era-fasp@fasp.sra.ebi.ac.uk:vol1/fastq/SRR169/081/SRR16966881/SRR16966881_2.fastq.gz
SRR16966882,SRP346589,The DEAD-box RNA helicase PfDOZI imposes opposing actions on RNA metabolism in Plasmodium falciparum,SRX13158273,GSM5693516: normalized_DOZI_Ga_IP2; Plasmodium falciparum; RIP-Seq,GSM5693516: normalized_DOZI_Ga_IP2; Plasmodium falciparum; RIP-Seq,5833,Plasmodium falciparum,,RIP-Seq,TRANSCRIPTOMIC,other,PAIRED,SRS11089742,,SAMN23243057,PRJNA781234,Illumina MiSeq,Illumina MiSeq,ILLUMINA,7686278,529590773,7686278,2222809745,GSM5693516_r1,SRR16966882.lite,234385462,2023-02-05 17:47:38,33b8e5ab63b5779ce5e6e186aa668fe0,1,SRA Lite,Primary ETL,1,s3://sra-pub-zq-7/SRR16966882/SRR16966882.lite.1,s3.us-east-1,aws identity,https://sra-downloadb.be-md.ncbi.nlm.nih.gov/sos6/sra-pub-zq-40/SRR016/16966/SRR16966882/SRR16966882.lite.1,https://sra-downloadb.be-md.ncbi.nlm.nih.gov/sos6/sra-pub-zq-40/SRR016/16966/SRR16966882/SRR16966882.lite.1,worldwide,anonymous,gs://sra-pub-zq-104/SRR16966882/SRR16966882.lite.1,gs.us-east1,gcp identity,GSM5693516,Plasmodium parasite,GFP tagging,gametocyte,no treatment,,http://ftp.sra.ebi.ac.uk/vol1/fastq/SRR169/082/SRR16966882/SRR16966882_1.fastq.gz,http://ftp.sra.ebi.ac.uk/vol1/fastq/SRR169/082/SRR16966882/SRR16966882_2.fastq.gz,,era-fasp@fasp.sra.ebi.ac.uk:vol1/fastq/SRR169/082/SRR16966882/SRR16966882_1.fastq.gz,era-fasp@fasp.sra.ebi.ac.uk:vol1/fastq/SRR169/082/SRR16966882/SRR16966882_2.fastq.gz
